"id","foodName","path","publicUrl"
"s1e1-songrong","松茸","C:\Users\Lenovo\Desktop\A Bite of China\public\food-images\s1e1-songrong.png","/food-images/s1e1-songrong.png"
"s1e1-dongsun","冬笋","C:\Users\Lenovo\Desktop\A Bite of China\public\food-images\s1e1-dongsun.png","/food-images/s1e1-dongsun.png"
"s1e1-suanxun-xiaohuangyu","黄豆酸笋小黄鱼","C:\Users\Lenovo\Desktop\A Bite of China\public\food-images\s1e1-suanxun-xiaohuangyu.png","/food-images/s1e1-suanxun-xiaohuangyu.png"
"s1e1-nuodeng-ham","诺邓火腿","C:\Users\Lenovo\Desktop\A Bite of China\public\food-images\s1e1-nuodeng-ham.png","/food-images/s1e1-nuodeng-ham.png"
"s1e1-lianou","莲藕","C:\Users\Lenovo\Desktop\A Bite of China\public\food-images\s1e1-lianou.png","/food-images/s1e1-lianou.png"
"s1e1-chaganhu-fish","查干湖冬季捕鱼","C:\Users\Lenovo\Desktop\A Bite of China\public\food-images\s1e1-chaganhu-fish.png","/food-images/s1e1-chaganhu-fish.png"
"s1e1-nanhai-fish","南海远洋打渔","C:\Users\Lenovo\Desktop\A Bite of China\public\food-images\s1e1-nanhai-fish.png","/food-images/s1e1-nanhai-fish.png"
"s1e2-xiangfen-noodles","襄汾面食","C:\Users\Lenovo\Desktop\A Bite of China\public\food-images\s1e2-xiangfen-noodles.png","/food-images/s1e2-xiangfen-noodles.png"
"s1e2-huangmomo","黄馍馍","C:\Users\Lenovo\Desktop\A Bite of China\public\food-images\s1e2-huangmomo.png","/food-images/s1e2-huangmomo.png"
"s1e2-zhushengmian","竹升面","C:\Users\Lenovo\Desktop\A Bite of China\public\food-images\s1e2-zhushengmian.png","/food-images/s1e2-zhushengmian.png"
"s1e2-wonton-noodle","云吞捞面","C:\Users\Lenovo\Desktop\A Bite of China\public\food-images\s1e2-wonton-noodle.png","/food-images/s1e2-wonton-noodle.png"
"s1e2-saozi-noodle","臊子面","C:\Users\Lenovo\Desktop\A Bite of China\public\food-images\s1e2-saozi-noodle.png","/food-images/s1e2-saozi-noodle.png"
"s1e2-zongzi","粽子","C:\Users\Lenovo\Desktop\A Bite of China\public\food-images\s1e2-zongzi.png","/food-images/s1e2-zongzi.png"
"s1e3-jianshui-tofu","建水烧豆腐","C:\Users\Lenovo\Desktop\A Bite of China\public\food-images\s1e3-jianshui-tofu.png","/food-images/s1e3-jianshui-tofu.png"
"s1e3-shiping-tofu","石屏豆腐","C:\Users\Lenovo\Desktop\A Bite of China\public\food-images\s1e3-shiping-tofu.png","/food-images/s1e3-shiping-tofu.png"
"s1e3-shouxian-tofu","嫩豆腐","C:\Users\Lenovo\Desktop\A Bite of China\public\food-images\s1e3-shouxian-tofu.png","/food-images/s1e3-shouxian-tofu.png"
"s1e3-maodoufu","毛豆腐","C:\Users\Lenovo\Desktop\A Bite of China\public\food-images\s1e3-maodoufu.png","/food-images/s1e3-maodoufu.png"
"s1e3-sauerkraut","酸菜","C:\Users\Lenovo\Desktop\A Bite of China\public\food-images\s1e3-sauerkraut.png","/food-images/s1e3-sauerkraut.png"
"s1e4-claypot-rice","煲仔饭","C:\Users\Lenovo\Desktop\A Bite of China\public\food-images\s1e4-claypot-rice.png","/food-images/s1e4-claypot-rice.png"
"s1e4-nanan-duck","南安腊鸭","C:\Users\Lenovo\Desktop\A Bite of China\public\food-images\s1e4-nanan-duck.png","/food-images/s1e4-nanan-duck.png"
"s1e4-yan-hehua-fish","腌禾花鱼","C:\Users\Lenovo\Desktop\A Bite of China\public\food-images\s1e4-yan-hehua-fish.png","/food-images/s1e4-yan-hehua-fish.png"
"s1e4-larou","腊肉","C:\Users\Lenovo\Desktop\A Bite of China\public\food-images\s1e4-larou.png","/food-images/s1e4-larou.png"
"s1e4-chouguiyu","臭鳜鱼","C:\Users\Lenovo\Desktop\A Bite of China\public\food-images\s1e4-chouguiyu.png","/food-images/s1e4-chouguiyu.png"
"s1e4-daobanxiang","刀板香火腿","C:\Users\Lenovo\Desktop\A Bite of China\public\food-images\s1e4-daobanxiang.png","/food-images/s1e4-daobanxiang.png"
"s1e4-jinhua-ham","金华火腿","C:\Users\Lenovo\Desktop\A Bite of China\public\food-images\s1e4-jinhua-ham.png","/food-images/s1e4-jinhua-ham.png"
"s1e4-drunken-crab","醉蟹","C:\Users\Lenovo\Desktop\A Bite of China\public\food-images\s1e4-drunken-crab.png","/food-images/s1e4-drunken-crab.png"
"s1e4-xiapu-zicai","紫菜","C:\Users\Lenovo\Desktop\A Bite of China\public\food-images\s1e4-xiapu-zicai.png","/food-images/s1e4-xiapu-zicai.png"
"s1e4-wuyuzi","乌鱼子","C:\Users\Lenovo\Desktop\A Bite of China\public\food-images\s1e4-wuyuzi.png","/food-images/s1e4-wuyuzi.png"
"s1e4-shrimp-paste","虾膏","C:\Users\Lenovo\Desktop\A Bite of China\public\food-images\s1e4-shrimp-paste.png","/food-images/s1e4-shrimp-paste.png"
"s1e4-shrimp-sauce","虾酱","C:\Users\Lenovo\Desktop\A Bite of China\public\food-images\s1e4-shrimp-sauce.png","/food-images/s1e4-shrimp-sauce.png"
"s1e5-fenge-steamed-pork","粉葛蒸肉","C:\Users\Lenovo\Desktop\A Bite of China\public\food-images\s1e5-fenge-steamed-pork.png","/food-images/s1e5-fenge-steamed-pork.png"
"s1e5-shiyu","雪花鲥鱼","C:\Users\Lenovo\Desktop\A Bite of China\public\food-images\s1e5-shiyu.png","/food-images/s1e5-shiyu.png"
"s1e5-lion-head","清炖狮子头","C:\Users\Lenovo\Desktop\A Bite of China\public\food-images\s1e5-lion-head.png","/food-images/s1e5-lion-head.png"
"s1e5-wensi-tofu","文思豆腐","C:\Users\Lenovo\Desktop\A Bite of China\public\food-images\s1e5-wensi-tofu.png","/food-images/s1e5-wensi-tofu.png"
"s1e5-changsha-stinky-tofu","油炸臭豆腐","C:\Users\Lenovo\Desktop\A Bite of China\public\food-images\s1e5-changsha-stinky-tofu.png","/food-images/s1e5-changsha-stinky-tofu.png"
"s1e6-tangcong-pancake","糖葱薄饼","C:\Users\Lenovo\Desktop\A Bite of China\public\food-images\s1e6-tangcong-pancake.png","/food-images/s1e6-tangcong-pancake.png"
"s1e6-smoked-duck","蔗渣熏鸭脯","C:\Users\Lenovo\Desktop\A Bite of China\public\food-images\s1e6-smoked-duck.png","/food-images/s1e6-smoked-duck.png"
"s1e6-xiaolong","加蟹开口小笼馒头","C:\Users\Lenovo\Desktop\A Bite of China\public\food-images\s1e6-xiaolong.png","/food-images/s1e6-xiaolong.png"
"s1e6-wuxi-ribs","酱排骨","C:\Users\Lenovo\Desktop\A Bite of China\public\food-images\s1e6-wuxi-ribs.png","/food-images/s1e6-wuxi-ribs.png"
"s1e6-chenpi","陈皮","C:\Users\Lenovo\Desktop\A Bite of China\public\food-images\s1e6-chenpi.png","/food-images/s1e6-chenpi.png"
"s1e6-chenpi-duck","陈皮鸭","C:\Users\Lenovo\Desktop\A Bite of China\public\food-images\s1e6-chenpi-duck.png","/food-images/s1e6-chenpi-duck.png"
"s1e6-salt-baked-chicken","盐焗鸡","C:\Users\Lenovo\Desktop\A Bite of China\public\food-images\s1e6-salt-baked-chicken.png","/food-images/s1e6-salt-baked-chicken.png"
"s1e6-vinegar","香醋","C:\Users\Lenovo\Desktop\A Bite of China\public\food-images\s1e6-vinegar.png","/food-images/s1e6-vinegar.png"
"s1e6-vinegar-ribs","醋排","C:\Users\Lenovo\Desktop\A Bite of China\public\food-images\s1e6-vinegar-ribs.png","/food-images/s1e6-vinegar-ribs.png"
"s1e6-chongqing-hotpot","重庆火锅","C:\Users\Lenovo\Desktop\A Bite of China\public\food-images\s1e6-chongqing-hotpot.png","/food-images/s1e6-chongqing-hotpot.png"
"s1e6-fish-ball-zicai","鱼丸紫菜煲","C:\Users\Lenovo\Desktop\A Bite of China\public\food-images\s1e6-fish-ball-zicai.png","/food-images/s1e6-fish-ball-zicai.png"
"s1e6-steamed-fish","清蒸鱼","C:\Users\Lenovo\Desktop\A Bite of China\public\food-images\s1e6-steamed-fish.png","/food-images/s1e6-steamed-fish.png"
"s1e6-white-cut-chicken","白切鸡","C:\Users\Lenovo\Desktop\A Bite of China\public\food-images\s1e6-white-cut-chicken.png","/food-images/s1e6-white-cut-chicken.png"
"s1e7-new-rice-festival","新米节","C:\Users\Lenovo\Desktop\A Bite of China\public\food-images\s1e7-new-rice-festival.png","/food-images/s1e7-new-rice-festival.png"
"s1e7-zhangzidao-seafood","獐子岛海产品","C:\Users\Lenovo\Desktop\A Bite of China\public\food-images\s1e7-zhangzidao-seafood.png","/food-images/s1e7-zhangzidao-seafood.png"
"s1e7-river-crab","河蟹","C:\Users\Lenovo\Desktop\A Bite of China\public\food-images\s1e7-river-crab.png","/food-images/s1e7-river-crab.png"
"s1e7-hairy-crab","大闸蟹","C:\Users\Lenovo\Desktop\A Bite of China\public\food-images\s1e7-hairy-crab.png","/food-images/s1e7-hairy-crab.png"
"s1e7-xinghua-taro","芋头","C:\Users\Lenovo\Desktop\A Bite of China\public\food-images\s1e7-xinghua-taro.png","/food-images/s1e7-xinghua-taro.png"
"s1e7-wang-tofu","蟹黄汪豆腐","C:\Users\Lenovo\Desktop\A Bite of China\public\food-images\s1e7-wang-tofu.png","/food-images/s1e7-wang-tofu.png"
"s2e1-suyou-honey","酥油蜂蜜","C:\Users\Lenovo\Desktop\A Bite of China\public\food-images\s2e1-suyou-honey.png","/food-images/s2e1-suyou-honey.png"
"s2e1-spicy-sausage","麻辣香肠","C:\Users\Lenovo\Desktop\A Bite of China\public\food-images\s2e1-spicy-sausage.png","/food-images/s2e1-spicy-sausage.png"
"s2e1-smoked-larou","烟熏腊肉","C:\Users\Lenovo\Desktop\A Bite of China\public\food-images\s2e1-smoked-larou.png","/food-images/s2e1-smoked-larou.png"
"s2e1-leshan-douhua","乐山嫩豆花","C:\Users\Lenovo\Desktop\A Bite of China\public\food-images\s2e1-leshan-douhua.png","/food-images/s2e1-leshan-douhua.png"
"s2e1-kuandaimian","蓝田裤带面","C:\Users\Lenovo\Desktop\A Bite of China\public\food-images\s2e1-kuandaimian.png","/food-images/s2e1-kuandaimian.png"
"s2e1-wangchao","红烧望潮","C:\Users\Lenovo\Desktop\A Bite of China\public\food-images\s2e1-wangchao.png","/food-images/s2e1-wangchao.png"
"s2e1-tiaotiaoyu","清炖跳跳鱼","C:\Users\Lenovo\Desktop\A Bite of China\public\food-images\s2e1-tiaotiaoyu.png","/food-images/s2e1-tiaotiaoyu.png"
"s2e1-jianbing","煎饼卷大葱","C:\Users\Lenovo\Desktop\A Bite of China\public\food-images\s2e1-jianbing.png","/food-images/s2e1-jianbing.png"
"s2e1-siwawa","丝娃娃","C:\Users\Lenovo\Desktop\A Bite of China\public\food-images\s2e1-siwawa.png","/food-images/s2e1-siwawa.png"
"s2e1-kaoya-juanbing","烤鸭卷饼","C:\Users\Lenovo\Desktop\A Bite of China\public\food-images\s2e1-kaoya-juanbing.png","/food-images/s2e1-kaoya-juanbing.png"
"s2e1-leishan-fish-sauce","雷山鱼酱","C:\Users\Lenovo\Desktop\A Bite of China\public\food-images\s2e1-leishan-fish-sauce.png","/food-images/s2e1-leishan-fish-sauce.png"
"s2e1-rice-flower-fish","鱼酱炖稻花鱼","C:\Users\Lenovo\Desktop\A Bite of China\public\food-images\s2e1-rice-flower-fish.png","/food-images/s2e1-rice-flower-fish.png"
"s2e1-luobo-rice","萝卜饭","C:\Users\Lenovo\Desktop\A Bite of China\public\food-images\s2e1-luobo-rice.png","/food-images/s2e1-luobo-rice.png"
"s2e2-beef-potsticker","牛肉锅贴","C:\Users\Lenovo\Desktop\A Bite of China\public\food-images\s2e2-beef-potsticker.png","/food-images/s2e2-beef-potsticker.png"
"s2e2-huizhou-stinky-tofu","徽州臭豆腐","C:\Users\Lenovo\Desktop\A Bite of China\public\food-images\s2e2-huizhou-stinky-tofu.png","/food-images/s2e2-huizhou-stinky-tofu.png"
"s2e2-guoba","油炸锅巴","C:\Users\Lenovo\Desktop\A Bite of China\public\food-images\s2e2-guoba.png","/food-images/s2e2-guoba.png"
"s2e2-zhuer","凉拌猪耳","C:\Users\Lenovo\Desktop\A Bite of China\public\food-images\s2e2-zhuer.png","/food-images/s2e2-zhuer.png"
"s2e2-kongxin-noodle","空心挂面","C:\Users\Lenovo\Desktop\A Bite of China\public\food-images\s2e2-kongxin-noodle.png","/food-images/s2e2-kongxin-noodle.png"
"s2e2-hanzhong-mianpi","汉中面皮","C:\Users\Lenovo\Desktop\A Bite of China\public\food-images\s2e2-hanzhong-mianpi.png","/food-images/s2e2-hanzhong-mianpi.png"
"s2e2-ningxia-noodle","宁夏手擀面","C:\Users\Lenovo\Desktop\A Bite of China\public\food-images\s2e2-ningxia-noodle.png","/food-images/s2e2-ningxia-noodle.png"
"s2e2-tianshuimian","四川甜水面","C:\Users\Lenovo\Desktop\A Bite of China\public\food-images\s2e2-tianshuimian.png","/food-images/s2e2-tianshuimian.png"
"s2e2-hele","山西饸饹","C:\Users\Lenovo\Desktop\A Bite of China\public\food-images\s2e2-hele.png","/food-images/s2e2-hele.png"
"s2e2-reganmian","武汉热干面","C:\Users\Lenovo\Desktop\A Bite of China\public\food-images\s2e2-reganmian.png","/food-images/s2e2-reganmian.png"
"s2e2-chongqing-noodle","重庆小面","C:\Users\Lenovo\Desktop\A Bite of China\public\food-images\s2e2-chongqing-noodle.png","/food-images/s2e2-chongqing-noodle.png"
"s2e2-suzhou-noodle","苏州头汤面","C:\Users\Lenovo\Desktop\A Bite of China\public\food-images\s2e2-suzhou-noodle.png","/food-images/s2e2-suzhou-noodle.png"
"s2e2-oyster-omelette","蚝烙","C:\Users\Lenovo\Desktop\A Bite of China\public\food-images\s2e2-oyster-omelette.png","/food-images/s2e2-oyster-omelette.png"
"s2e2-yangzhou-feast","烫干丝","C:\Users\Lenovo\Desktop\A Bite of China\public\food-images\s2e2-yangzhou-feast.png","/food-images/s2e2-yangzhou-feast.png"
"s2e2-big-lion-head","葵花大斩肉","C:\Users\Lenovo\Desktop\A Bite of China\public\food-images\s2e2-big-lion-head.png","/food-images/s2e2-big-lion-head.png"
"s2e2-three-duck","三套鸭","C:\Users\Lenovo\Desktop\A Bite of China\public\food-images\s2e2-three-duck.png","/food-images/s2e2-three-duck.png"
"s2e3-lei-bamboo","雷笋炒肉丝","C:\Users\Lenovo\Desktop\A Bite of China\public\food-images\s2e3-lei-bamboo.png","/food-images/s2e3-lei-bamboo.png"
"s2e3-dried-bamboo-chicken","笋干炖鸡","C:\Users\Lenovo\Desktop\A Bite of China\public\food-images\s2e3-dried-bamboo-chicken.png","/food-images/s2e3-dried-bamboo-chicken.png"
"s2e3-tieguo-fish","铁锅炖鱼","C:\Users\Lenovo\Desktop\A Bite of China\public\food-images\s2e3-tieguo-fish.png","/food-images/s2e3-tieguo-fish.png"
"s2e3-yuqian-rice","榆钱饭","C:\Users\Lenovo\Desktop\A Bite of China\public\food-images\s2e3-yuqian-rice.png","/food-images/s2e3-yuqian-rice.png"
"s2e3-jiucengpi","九层皮","C:\Users\Lenovo\Desktop\A Bite of China\public\food-images\s2e3-jiucengpi.png","/food-images/s2e3-jiucengpi.png"
"s2e3-marentang","玛仁糖/切糕","C:\Users\Lenovo\Desktop\A Bite of China\public\food-images\s2e3-marentang.png","/food-images/s2e3-marentang.png"
"s2e3-rice-lotus","桂花糯米藕","C:\Users\Lenovo\Desktop\A Bite of China\public\food-images\s2e3-rice-lotus.png","/food-images/s2e3-rice-lotus.png"
"s2e4-xiguajiang","郓城西瓜酱","C:\Users\Lenovo\Desktop\A Bite of China\public\food-images\s2e4-xiguajiang.png","/food-images/s2e4-xiguajiang.png"
"s2e4-pucai","济南奶汤蒲菜","C:\Users\Lenovo\Desktop\A Bite of China\public\food-images\s2e4-pucai.png","/food-images/s2e4-pucai.png"
"s2e4-pucai-dumpling","淮安蒲菜水饺","C:\Users\Lenovo\Desktop\A Bite of China\public\food-images\s2e4-pucai-dumpling.png","/food-images/s2e4-pucai-dumpling.png"
"s2e4-chenpi-redbean","陈皮红豆沙","C:\Users\Lenovo\Desktop\A Bite of China\public\food-images\s2e4-chenpi-redbean.png","/food-images/s2e4-chenpi-redbean.png"
"s2e4-ginger-milk","姜撞奶","C:\Users\Lenovo\Desktop\A Bite of China\public\food-images\s2e4-ginger-milk.png","/food-images/s2e4-ginger-milk.png"
"s2e4-steamed-dishes","天门蒸菜","C:\Users\Lenovo\Desktop\A Bite of China\public\food-images\s2e4-steamed-dishes.png","/food-images/s2e4-steamed-dishes.png"
"s2e4-chicken-feet","泡椒凤爪","C:\Users\Lenovo\Desktop\A Bite of China\public\food-images\s2e4-chicken-feet.png","/food-images/s2e4-chicken-feet.png"
"s2e5-chicken-mushroom","小鸡炖蘑菇","C:\Users\Lenovo\Desktop\A Bite of China\public\food-images\s2e5-chicken-mushroom.png","/food-images/s2e5-chicken-mushroom.png"
"s2e5-beijing-hotpot","北京涮肉火锅","C:\Users\Lenovo\Desktop\A Bite of China\public\food-images\s2e5-beijing-hotpot.png","/food-images/s2e5-beijing-hotpot.png"
"s2e5-mushroom-hotpot","云南菌子火锅","C:\Users\Lenovo\Desktop\A Bite of China\public\food-images\s2e5-mushroom-hotpot.png","/food-images/s2e5-mushroom-hotpot.png"
"s2e5-naren","纳仁","C:\Users\Lenovo\Desktop\A Bite of China\public\food-images\s2e5-naren.png","/food-images/s2e5-naren.png"
"s2e6-huaziyu","清蒸华子鱼","C:\Users\Lenovo\Desktop\A Bite of China\public\food-images\s2e6-huaziyu.png","/food-images/s2e6-huaziyu.png"
"s2e6-suanla-huaziyu","酸辣华子鱼","C:\Users\Lenovo\Desktop\A Bite of China\public\food-images\s2e6-suanla-huaziyu.png","/food-images/s2e6-suanla-huaziyu.png"
"s2e6-beihai-chicken","北海沙蟹汁白切鸡","C:\Users\Lenovo\Desktop\A Bite of China\public\food-images\s2e6-beihai-chicken.png","/food-images/s2e6-beihai-chicken.png"
"s2e6-hand-lamb","野韭花酱手把羊肉","C:\Users\Lenovo\Desktop\A Bite of China\public\food-images\s2e6-hand-lamb.png","/food-images/s2e6-hand-lamb.png"
"s2e6-hongliu-lamb","红柳枝烤羊肉","C:\Users\Lenovo\Desktop\A Bite of China\public\food-images\s2e6-hongliu-lamb.png","/food-images/s2e6-hongliu-lamb.png"
"s2e6-yangyu-caca","洋芋擦擦","C:\Users\Lenovo\Desktop\A Bite of China\public\food-images\s2e6-yangyu-caca.png","/food-images/s2e6-yangyu-caca.png"
"s2e6-grouper","清蒸石斑鱼","C:\Users\Lenovo\Desktop\A Bite of China\public\food-images\s2e6-grouper.png","/food-images/s2e6-grouper.png"
"s2e6-shrimp-wonton","鲜虾云吞","C:\Users\Lenovo\Desktop\A Bite of China\public\food-images\s2e6-shrimp-wonton.png","/food-images/s2e6-shrimp-wonton.png"
"s2e7-jianbingguozi","天津煎饼果子","C:\Users\Lenovo\Desktop\A Bite of China\public\food-images\s2e7-jianbingguozi.png","/food-images/s2e7-jianbingguozi.png"
"s2e7-guangzhou-yumcha","广州早茶","C:\Users\Lenovo\Desktop\A Bite of China\public\food-images\s2e7-guangzhou-yumcha.png","/food-images/s2e7-guangzhou-yumcha.png"
"s2e7-steamed-layufish","蒸腊鱼","C:\Users\Lenovo\Desktop\A Bite of China\public\food-images\s2e7-steamed-layufish.png","/food-images/s2e7-steamed-layufish.png"
"s2e7-xiangxiang-egg","湘乡咸鸭蛋","C:\Users\Lenovo\Desktop\A Bite of China\public\food-images\s2e7-xiangxiang-egg.png","/food-images/s2e7-xiangxiang-egg.png"
"s2e7-tuotuorou","彝族坨坨肉","C:\Users\Lenovo\Desktop\A Bite of China\public\food-images\s2e7-tuotuorou.png","/food-images/s2e7-tuotuorou.png"
"s2e7-suzhou-noodle2","枫镇大肉面","C:\Users\Lenovo\Desktop\A Bite of China\public\food-images\s2e7-suzhou-noodle2.png","/food-images/s2e7-suzhou-noodle2.png"
"s3e1-qiaomai-baba","荞麦粑粑","C:\Users\Lenovo\Desktop\A Bite of China\public\food-images\s3e1-qiaomai-baba.png","/food-images/s3e1-qiaomai-baba.png"
"s3e1-stone-pot-matsutake","石锅松茸","C:\Users\Lenovo\Desktop\A Bite of China\public\food-images\s3e1-stone-pot-matsutake.png","/food-images/s3e1-stone-pot-matsutake.png"
"s3e1-shiwan-cai","陕西十碗菜","C:\Users\Lenovo\Desktop\A Bite of China\public\food-images\s3e1-shiwan-cai.png","/food-images/s3e1-shiwan-cai.png"
"s3e1-yangzhou-dim","扬州蒸点","C:\Users\Lenovo\Desktop\A Bite of China\public\food-images\s3e1-yangzhou-dim.png","/food-images/s3e1-yangzhou-dim.png"
"s3e1-baocao-yaohua","爆炒腰花","C:\Users\Lenovo\Desktop\A Bite of China\public\food-images\s3e1-baocao-yaohua.png","/food-images/s3e1-baocao-yaohua.png"
"s3e1-golden-cabbage","金边白菜","C:\Users\Lenovo\Desktop\A Bite of China\public\food-images\s3e1-golden-cabbage.png","/food-images/s3e1-golden-cabbage.png"
"s3e2-xidoufen","稀豆粉","C:\Users\Lenovo\Desktop\A Bite of China\public\food-images\s3e2-xidoufen.png","/food-images/s3e2-xidoufen.png"
"s3e2-shantou-fishball","汕头手打鱼丸","C:\Users\Lenovo\Desktop\A Bite of China\public\food-images\s3e2-shantou-fishball.png","/food-images/s3e2-shantou-fishball.png"
"s3e2-lianggao","凉糕","C:\Users\Lenovo\Desktop\A Bite of China\public\food-images\s3e2-lianggao.png","/food-images/s3e2-lianggao.png"
"s3e2-quanzhou-jelly","泉州石花膏","C:\Users\Lenovo\Desktop\A Bite of China\public\food-images\s3e2-quanzhou-jelly.png","/food-images/s3e2-quanzhou-jelly.png"
"s3e2-mianxianhu","面线糊","C:\Users\Lenovo\Desktop\A Bite of China\public\food-images\s3e2-mianxianhu.png","/food-images/s3e2-mianxianhu.png"
"s3e3-lotus-feast","全藕宴","C:\Users\Lenovo\Desktop\A Bite of China\public\food-images\s3e3-lotus-feast.png","/food-images/s3e3-lotus-feast.png"
"s3e3-shuibaixian","水八仙","C:\Users\Lenovo\Desktop\A Bite of China\public\food-images\s3e3-shuibaixian.png","/food-images/s3e3-shuibaixian.png"
"s3e3-duck","八宝葫芦鸭","C:\Users\Lenovo\Desktop\A Bite of China\public\food-images\s3e3-duck.png","/food-images/s3e3-duck.png"
"s3e3-shacha-beef","沙茶焖牛肉","C:\Users\Lenovo\Desktop\A Bite of China\public\food-images\s3e3-shacha-beef.png","/food-images/s3e3-shacha-beef.png"
"s3e3-fengrou","封肉","C:\Users\Lenovo\Desktop\A Bite of China\public\food-images\s3e3-fengrou.png","/food-images/s3e3-fengrou.png"
"s3e3-pingjiang","平江十大碗","C:\Users\Lenovo\Desktop\A Bite of China\public\food-images\s3e3-pingjiang.png","/food-images/s3e3-pingjiang.png"
"s3e4-wuzhigao","五汁膏","C:\Users\Lenovo\Desktop\A Bite of China\public\food-images\s3e4-wuzhigao.png","/food-images/s3e4-wuzhigao.png"
"s3e4-shanyao","枣泥山药糕","C:\Users\Lenovo\Desktop\A Bite of China\public\food-images\s3e4-shanyao.png","/food-images/s3e4-shanyao.png"
"s3e4-laohuo-soup","老火汤","C:\Users\Lenovo\Desktop\A Bite of China\public\food-images\s3e4-laohuo-soup.png","/food-images/s3e4-laohuo-soup.png"
"s3e5-crab-tofu","蟹粉豆腐","C:\Users\Lenovo\Desktop\A Bite of China\public\food-images\s3e5-crab-tofu.png","/food-images/s3e5-crab-tofu.png"
"s3e5-jiaozhou-noodle","胶州摔面","C:\Users\Lenovo\Desktop\A Bite of China\public\food-images\s3e5-jiaozhou-noodle.png","/food-images/s3e5-jiaozhou-noodle.png"
"s3e5-tianjin-doufunao","津味豆腐脑","C:\Users\Lenovo\Desktop\A Bite of China\public\food-images\s3e5-tianjin-doufunao.png","/food-images/s3e5-tianjin-doufunao.png"
"s3e5-beef-noodle","红烧牛肉面","C:\Users\Lenovo\Desktop\A Bite of China\public\food-images\s3e5-beef-noodle.png","/food-images/s3e5-beef-noodle.png"
"s3e5-luroufan","卤肉饭","C:\Users\Lenovo\Desktop\A Bite of China\public\food-images\s3e5-luroufan.png","/food-images/s3e5-luroufan.png"
"s3e6-saqima","萨其马","C:\Users\Lenovo\Desktop\A Bite of China\public\food-images\s3e6-saqima.png","/food-images/s3e6-saqima.png"
"s3e6-sushi-pastry","苏式糕点","C:\Users\Lenovo\Desktop\A Bite of China\public\food-images\s3e6-sushi-pastry.png","/food-images/s3e6-sushi-pastry.png"
"s3e6-yuting-cake","渔亭糕","C:\Users\Lenovo\Desktop\A Bite of China\public\food-images\s3e6-yuting-cake.png","/food-images/s3e6-yuting-cake.png"
"s3e6-longjing-pastry","龙井茶酥","C:\Users\Lenovo\Desktop\A Bite of China\public\food-images\s3e6-longjing-pastry.png","/food-images/s3e6-longjing-pastry.png"
"s3e6-cantonese-dimsum","粤式点心四大天王","C:\Users\Lenovo\Desktop\A Bite of China\public\food-images\s3e6-cantonese-dimsum.png","/food-images/s3e6-cantonese-dimsum.png"
"s3e7-qingmingguo","清明粿","C:\Users\Lenovo\Desktop\A Bite of China\public\food-images\s3e7-qingmingguo.png","/food-images/s3e7-qingmingguo.png"
"s3e7-leaf-feast","西双版纳绿叶宴","C:\Users\Lenovo\Desktop\A Bite of China\public\food-images\s3e7-leaf-feast.png","/food-images/s3e7-leaf-feast.png"
"s3e7-sour-fish","酸汤鱼","C:\Users\Lenovo\Desktop\A Bite of China\public\food-images\s3e7-sour-fish.png","/food-images/s3e7-sour-fish.png"
"s3e7-fuping-persimmon","富平柿饼","C:\Users\Lenovo\Desktop\A Bite of China\public\food-images\s3e7-fuping-persimmon.png","/food-images/s3e7-fuping-persimmon.png"
"s3e7-huangshan-ham","黄山咸肉","C:\Users\Lenovo\Desktop\A Bite of China\public\food-images\s3e7-huangshan-ham.png","/food-images/s3e7-huangshan-ham.png"
"s3e7-bayu-dumpling","鲅鱼饺子","C:\Users\Lenovo\Desktop\A Bite of China\public\food-images\s3e7-bayu-dumpling.png","/food-images/s3e7-bayu-dumpling.png"
"s3e8-lamb-rice-noodle","羊肉粉","C:\Users\Lenovo\Desktop\A Bite of China\public\food-images\s3e8-lamb-rice-noodle.png","/food-images/s3e8-lamb-rice-noodle.png"
"s3e8-suan-cai","东北酸菜","C:\Users\Lenovo\Desktop\A Bite of China\public\food-images\s3e8-suan-cai.png","/food-images/s3e8-suan-cai.png"
"s3e8-shanxi-hotpot","山西火锅","C:\Users\Lenovo\Desktop\A Bite of China\public\food-images\s3e8-shanxi-hotpot.png","/food-images/s3e8-shanxi-hotpot.png"
"s3e8-hakka-poonchoi","客家盆菜","C:\Users\Lenovo\Desktop\A Bite of China\public\food-images\s3e8-hakka-poonchoi.png","/food-images/s3e8-hakka-poonchoi.png"
"s4e1-red-claw-crab","红钳蟹","C:\Users\Lenovo\Desktop\A Bite of China\public\food-images\s4e1-red-claw-crab.png","/food-images/s4e1-red-claw-crab.png"
"s4e1-dalu-shaobing","大炉烧饼","C:\Users\Lenovo\Desktop\A Bite of China\public\food-images\s4e1-dalu-shaobing.png","/food-images/s4e1-dalu-shaobing.png"
"s4e1-whole-fish","全鱼整吃","C:\Users\Lenovo\Desktop\A Bite of China\public\food-images\s4e1-whole-fish.png","/food-images/s4e1-whole-fish.png"
"s4e5-xikou-goose","溪口卤鹅","C:\Users\Lenovo\Desktop\A Bite of China\public\food-images\s4e5-xikou-goose.png","/food-images/s4e5-xikou-goose.png"
"s4e5-steamed-taro","粉蒸芋头","C:\Users\Lenovo\Desktop\A Bite of China\public\food-images\s4e5-steamed-taro.png","/food-images/s4e5-steamed-taro.png"
"s4e6-lahu-chicken","拉祜鸡","C:\Users\Lenovo\Desktop\A Bite of China\public\food-images\s4e6-lahu-chicken.png","/food-images/s4e6-lahu-chicken.png"
"s4e6-fishball-soup","鱼圆汤","C:\Users\Lenovo\Desktop\A Bite of China\public\food-images\s4e6-fishball-soup.png","/food-images/s4e6-fishball-soup.png"
